IL4 dose (pg/mL) with IL7 pretreatment,IL4 curve 1,IL4 curve 2,IL4 curve 3,,IL7 dose (pg/mL) w/ IL4 pretreatment,IL7 curve 1,IL7 curve 2,IL7 curve 3
10,4.559390863,4.559390863,0.506598985,,10,0,0.506598985,0
100,29.38274112,29.38274112,8.612182741,,50,6.585786802,6.079187817,0
1000,74.97664975,73.45685279,58.25888325,,500,8.105583756,6.079187817,0
10000,88.14822335,85.61522843,85.61522843,,5000,12.66497462,4.052791878,0
100000,91.18781726,90.68121827,89.6680203,,50000,18.74416244,0.506598985,0
