min,gc
0,100
2,90.97714403
5,87.37065791
10,82.32133586
15,83.41161272
30,70.43212634
45,68.6457868
60,65.77641476
90,58.23020176
120,49.24175652
180,49.31420016
240,50.83068713
